year,SSTG
2006,-0.550387597
2007,-0.03875969
2008,
2009,0.441860465
2010,-0.147286822
2011,0.178294574
2012,-0.054263566
2013,0.240310078
2014,